"GeneID","padj","pvalue","lfcSE","stat","log2FoldChange","baseMean","Symbol","Description"
8460,0.00942581357772804,6.27049865468869e-07,0.384827830685034,-4.98269426118285,-1.91747942349777,122.754041847084,"TPST1","tyrosylprotein sulfotransferase 1"
9023,0.0314421782881806,4.18336592445191e-06,0.837836736524359,-4.60205803542183,-3.85577328569353,20.4972586795399,"CH25H","cholesterol 25-hydroxylase"
2852,0.0855436901989259,1.74390240022172e-05,0.458237109840089,-4.29538523061643,-1.96830491372748,152.257193113571,"GPER1","G protein-coupled estrogen receptor 1"
3494,0.0855436901989259,2.27630894621942e-05,0.543498037761405,4.23590708743409,2.30220719016006,161.282687272844,"IGHA2","immunoglobulin heavy constant alpha 2 (A2m marker)"
8857,0.0972861875949364,3.2359695181924e-05,0.325849805852483,4.15619126456677,1.35429411664487,107.171536905356,"FCGBP","Fc gamma binding protein"
366,0.116498240429296,4.6500095966989e-05,0.261766218503613,-4.07255559551486,-1.06605747788365,3107.15641995097,"AQP9","aquaporin 9"
57561,0.122090635572106,5.6854340673546e-05,0.173539508891827,4.02550016465249,0.698583321617762,749.663618819049,"ARRDC3","arrestin domain containing 3"
11278,0.267940084787961,0.000142597171254902,0.284219169321949,3.80361947385867,1.0810615672769,199.120728510631,"KLF12","KLF transcription factor 12"
8819,0.270260316103032,0.000184316989225831,0.36371085520805,-3.73959498841003,-1.36013129136635,810.941752580849,"SAP30","Sin3A associated protein 30"
6352,0.270260316103032,0.00019776899129413,0.235935263245557,3.72184937203907,0.878115511352347,444.414975114065,"CCL5","C-C motif chemokine ligand 5"
80271,0.270260316103032,0.000185103370647012,0.355895451869482,-3.73852461644226,-1.3305239076939,352.516117666662,"ITPKC","inositol-trisphosphate 3-kinase C"
2180,0.553258523559558,0.000441664601032111,0.237851519463014,-3.51384851962849,-0.835774209556497,5434.55849413899,"ACSL1","acyl-CoA synthetase long chain family member 1"
3512,0.607826344540697,0.000557451674958188,0.501996889481121,3.45151359367544,1.73264908802687,183.112172905034,"JCHAIN","joining chain of multimeric IgA and IgM"
10613,0.607826344540697,0.000566096914819701,0.250661390363372,-3.44735847258474,-0.864119667819042,686.756181131214,"ERLIN1","ER lipid raft associated 1"
4778,0.814859320470878,0.00081312465454119,0.280098668641324,-3.34828799700692,-0.937851010189364,2066.13430820357,"NFE2","nuclear factor, erythroid 2"
2289,0.917556633399366,0.000983394629633884,0.354851647221047,-3.29523483449409,-1.1693195090004,4510.87032543903,"FKBP5","FKBP prolyl isomerase 5"
133,0.917556633399366,0.00103768379242877,0.414874505518989,-3.28010521695718,-1.36083202993537,552.414515473999,"ADM","adrenomedullin"
100287102,0.999854284110087,0.616941865758963,1.09282202768448,0.500189194993832,0.54661777029903,7.71233432031462,"DDX11L1","DEAD/H-box helicase 11 like 1 (pseudogene)"
653635,0.999854284110087,0.921626030877523,0.263217175292473,-0.0983856980561143,-0.0258968055315085,683.236957833053,"WASH7P","WASP family homolog 7, pseudogene"
102466751,0.999854284110087,0.814991367971682,0.513058117046275,-0.233991769930663,-0.120051376884951,25.8780939442846,"MIR6859-1","microRNA 6859-1"
100996442,0.999854284110087,0.9359219323466,0.367703720982893,-0.0803964725196794,-0.029562082099385,95.7507364822928,"LOC100996442","WAS protein family homolog 2-like"
729737,0.999854284110087,0.736185367442236,0.224245971805046,-0.336909176561906,-0.0755505257081623,2687.25964429248,"LOC729737","uncharacterized LOC729737"
102725121,0.999854284110087,0.669007473684536,1.23302828779211,0.427510589649649,0.527132650368703,12.1883160364187,"DDX11L17","DEAD/H-box helicase 11 like 17 (pseudogene)"
102723897,0.999854284110087,0.727185171223533,0.234080393027084,-0.3488723138054,-0.0816641683318364,786.599130335233,"WASH9P","WAS protein family homolog 9, pseudogene"
102465909,0.999854284110087,0.869451765409609,0.622369742590259,-0.16435489984239,-0.102289516708356,14.6782737627025,"MIR6859-2","microRNA 6859-2"
100132287,0.999854284110087,0.894285017483102,0.235105867042638,-0.132884130670422,-0.0312418387574769,803.088968881955,"LOC100132287","uncharacterized LOC100132287"
113219467,0.999854284110087,0.701216069222904,0.239388275803469,0.383679418083337,0.0918483543562484,578.011258776466,"MIR12136","microRNA 12136"
100133331,0.999854284110087,0.986666577337693,0.228931542860041,-0.0167117449716493,-0.00382584556024321,475.879841152831,"LOC100133331","replaced by ID 100288069"
107984841,0.999854284110087,0.832324936433803,0.296133437121635,0.211720701894082,0.0626975791616995,142.637865873558,"LOC107984841","replaced by ID 100288069"
107984847,0.999854284110087,0.91829032157758,0.406535463221479,-0.102587553509038,-0.0417054785865549,122.999999230452,"LOC107984847","replaced by ID 100288069"
107984849,0.999854284110087,0.951497149733523,0.444051843169752,0.060826795966087,0.0270102508628513,62.8284806971534,"LOC107984849","replaced by ID 100288069"
100288069,0.999854284110087,0.887470178164639,0.336638776560365,-0.141506053497846,-0.0476364247254004,65.2994373679978,"LOC100288069","uncharacterized LOC100288069"
105378580,0.999854284110087,0.31478726601207,0.627051562264695,1.00522760421626,0.630329539655403,18.777508130726,"LINC01409","long intergenic non-protein coding RNA 1409"
400728,0.999854284110087,0.227190702958506,0.527843183940983,1.20762717122286,0.63743777107192,19.5291954655754,"FAM87B","family with sequence similarity 87 member B"
79854,0.999854284110087,0.968440362391637,0.405934552539648,0.0395644595744032,0.0160605811938083,49.6418375262206,"LINC00115","long intergenic non-protein coding RNA 115"
643837,0.999854284110087,0.197293174047299,0.251468642656276,1.28930183284258,0.324218981879172,112.406452543585,"LINC01128","long intergenic non-protein coding RNA 1128"
148398,0.999854284110087,0.52243423607249,0.341315198679643,0.639597610927722,0.218304385648821,91.2929059375376,"SAMD11","sterile alpha motif domain containing 11"
26155,0.999854284110087,0.76353724550436,0.184426227977815,0.300839028812285,0.0554826073123588,1278.10973912814,"NOC2L","NOC2 like nucleolar associated transcriptional repressor"
339451,0.999854284110087,0.918139556620885,0.259467279678211,0.102777508138456,0.0266674004487904,320.440140142418,"KLHL17","kelch like family member 17"
84069,0.999854284110087,0.936626771811536,0.453799852649475,-0.0795102591695777,-0.036081743895276,47.7941330737327,"PLEKHN1","pleckstrin homology domain containing N1"
57801,0.999854284110087,0.928991202496486,0.533865896267253,0.0891141368710877,0.0475749985507659,155.914738216469,"HES4","hes family bHLH transcription factor 4"
9636,0.999854284110087,0.307422069877109,0.764484594273718,-1.0206462475436,-0.780268332450358,444.038480616067,"ISG15","ISG15 ubiquitin like modifier"
375790,0.999854284110087,0.292847480672897,0.315388164887521,-1.05189553503369,-0.331755402447653,218.843107676551,"AGRN","agrin"
112267874,0.999854284110087,0.323955656454033,0.792358908792044,-0.986361691865804,-0.781552473841062,9.45458568766142,"LOC112267874","replaced by ID 105378948"
105378948,0.999854284110087,0.193973144799318,0.707955415904897,-1.29891487334148,-0.919573819381525,13.3775168328488,"LOC105378948","uncharacterized LOC105378948"
54991,0.999854284110087,0.930526529822218,0.288015387872848,-0.0871823987755093,-0.0251098723990137,210.102543011547,"C1orf159","chromosome 1 open reading frame 159"
7293,0.999854284110087,0.123935256378662,0.639821958823354,1.53846378660269,0.984342913522926,13.1461336643189,"TNFRSF4","TNF receptor superfamily member 4"
51150,0.999854284110087,0.674820929276748,0.170689365995783,-0.419540819157022,-0.0716111564312636,3568.41294082016,"SDF4","stromal cell derived factor 4"
126792,0.999854284110087,0.830841470511101,0.237728693259483,-0.213622476186489,-0.0507841921146689,433.99408676699,"B3GALT6","beta-1,3-galactosyltransferase 6"
118424,0.999854284110087,0.497622033887279,0.197166747982142,-0.678236057390195,-0.133725597799854,1188.71008155739,"UBE2J2","ubiquitin conjugating enzyme E2 J2"
101928895,0.999854284110087,0.837593947722518,0.441109676797449,-0.204972068597773,-0.0904151629316682,32.6976551379677,"LINC01786","long intergenic non-protein coding RNA 1786"
6339,0.999854284110087,0.491377076203761,0.383051448932989,0.68812022332931,0.263585448586384,75.667130292063,"SCNN1D","sodium channel epithelial 1 subunit delta"
116983,0.999854284110087,0.786766620333666,0.239591399675369,0.270511695726448,0.0648122758076572,1784.58474290977,"ACAP3","ArfGAP with coiled-coil, ankyrin repeat and PH domains 3"
109623456,0.999854284110087,0.958137694725027,0.662187512509608,0.0524907134546165,0.0347586949723672,17.9072123680453,"SNORD167","small nucleolar RNA, C/D box 167"
126789,0.999854284110087,0.573661597206979,0.2000071385969,-0.562667091315397,-0.112537434916633,219.166082397541,"PUSL1","pseudouridine synthase like 1"
54973,0.999854284110087,0.916102157483762,0.133070030530329,-0.105344873062855,-0.0140182454746878,1382.60849196496,"INTS11","integrator complex subunit 11"
80772,0.999854284110087,0.698226285600511,0.21743860985241,-0.387715903193059,-0.0843044070079704,312.291243017935,"CPTP","ceramide-1-phosphate transfer protein"
83756,0.999854284110087,0.931785458575231,0.487974418613113,0.0855986664673177,0.0417699595034471,20.4941985123992,"TAS1R3","taste 1 receptor member 3"
1855,0.999854284110087,0.658774992938287,0.162650091353628,-0.441605099860397,-0.0718271098345217,691.703174048232,"DVL1","dishevelled segment polarity protein 1"
54587,0.999854284110087,0.985460710783063,0.325839409513475,0.0182233052979661,0.00593787103767307,165.720212280737,"MXRA8","matrix remodeling associated 8"
54998,0.999854284110087,0.902688191291861,0.171600813982143,-0.122266210512493,-0.0209809812464558,855.969094114513,"AURKAIP1","aurora kinase A interacting protein 1"
81669,0.999854284110087,0.910303157711926,0.184871966639142,0.112656161824609,0.0208269661905329,2092.38347578715,"CCNL2","cyclin L2"
148413,0.999854284110087,0.466641398814797,0.242578294860517,-0.727954566342926,-0.176585977439394,261.110797791315,"MRPL20-AS1","MRPL20 antisense RNA 1"
55052,0.999854284110087,0.862661845314246,0.161627803327829,-0.172986746519613,-0.027959467844793,507.880089961831,"MRPL20","mitochondrial ribosomal protein L20"
219293,0.999854284110087,0.719244330936373,0.666481487207233,0.359468911263735,0.239579374583819,12.5337456673951,"ATAD3C","ATPase family AAA domain containing 3C"
83858,0.999854284110087,0.886494541108664,0.176152041222193,-0.142741245407192,-0.0251441617450748,422.984459190702,"ATAD3B","ATPase family AAA domain containing 3B"
55210,0.999854284110087,0.718514230528129,0.169647287551843,-0.360445199628347,-0.0611485504280316,336.497568938785,"ATAD3A","ATPase family AAA domain containing 3A"
29101,0.999854284110087,0.820150614425304,0.185508827527882,0.227351263042224,0.0421756662439461,1601.44825520364,"SSU72","SSU72 homolog, RNA polymerase II CTD phosphatase"
643988,0.999854284110087,0.733821163593927,0.271819550094433,0.340046960326812,0.0924314117670137,209.904377607623,"FNDC10","fibronectin type III domain containing 10"
105378586,0.999854284110087,0.905601839326487,0.490240390710731,-0.118587916124537,-0.0581365863344642,24.6334653814241,"LOC105378586","uncharacterized LOC105378586"
142678,0.999854284110087,0.982539873145595,0.185820298030101,0.021884770627412,0.0040666346003061,945.63105182151,"MIB2","MIB E3 ubiquitin protein ligase 2"
8510,0.999854284110087,0.9876723605566,0.590101464458491,-0.0154510195527571,-0.00911766926545875,23.12876235681,"MMP23B","matrix metallopeptidase 23B"
984,0.999854284110087,0.779689878293829,0.227891868497837,0.279723199042008,0.0637466424918756,1258.00221391965,"CDK11B","cyclin dependent kinase 11B"
728661,0.999854284110087,0.620737432518966,0.363688769182226,-0.494805484568827,-0.179955197667452,1421.1355417727,"SLC35E2B","solute carrier family 35 member E2B"
8511,0.999854284110087,0.96884412264567,0.794191245127588,-0.0390580299741198,-0.0310195454573769,12.9739294348519,"MMP23A","matrix metallopeptidase 23A (pseudogene)"
728642,0.999854284110087,0.590503474510389,0.294826618679601,0.538106573494259,0.158648141552579,900.509632629523,"CDK11A","cyclin dependent kinase 11A"
9906,0.999854284110087,0.885804327935761,0.268083672955972,-0.143615211764823,-0.0385008934622634,797.542568102816,"SLC35E2A","solute carrier family 35 member E2A"
112268218,0.999854284110087,0.605620348795962,0.16716216350335,-0.51633515232814,-0.0863117011560037,506.633557236468,"LOC112268218","uncharacterized LOC112268218"
65220,0.999854284110087,0.329834559800355,0.135309223189833,-0.97444716687161,-0.131851689188931,6822.55109584018,"NADK","NAD kinase"
2782,0.999854284110087,0.58565117347363,0.153689501928349,-0.545148812249901,-0.0837836494315185,11776.1399984158,"GNB1","G protein subunit beta 1"
105378949,0.999854284110087,0.586576620316696,0.705841882766529,-0.543803615889841,-0.383839368094931,11.8075058343842,"GNB1-DT","GNB1 divergent transcript"
5590,0.999854284110087,0.75574361689265,0.307137876289101,0.311074985736092,0.0955429104856459,62.3426444499105,"PRKCZ","protein kinase C zeta"
100506504,0.999854284110087,0.538220023641892,0.480217850810265,0.615506885306289,0.295577393620706,23.710701146399,"PRKCZ-AS1","PRKCZ antisense RNA 1"
199990,0.999854284110087,0.803664490377212,0.202721548843164,-0.248607391519136,-0.050398075462618,454.911397800232,"FAAP20","FA core complex associated protein 20"
112268219,0.999854284110087,0.527234078338791,0.476813881445722,0.63223385466637,0.301457878224862,108.869352945589,"LOC112268219","uncharacterized LOC112268219"
6497,0.999854284110087,0.144623052786467,0.16574980032187,1.45878950240199,0.24179406873477,1398.47596278749,"SKI","SKI proto-oncogene"
79906,0.999854284110087,0.764606575164223,0.500558684686366,0.299437077839204,0.149885829829521,27.2651021541321,"MORN1","MORN repeat containing 1"
11079,0.999854284110087,0.61195762336337,0.136485027517523,-0.507281063676719,-0.0692362699350355,1605.04660171788,"RER1","retention in endoplasmic reticulum sorting receptor 1"
5192,0.999854284110087,0.645803741355133,0.188952070753157,-0.459599467604732,-0.0868422711209624,242.257653574555,"PEX10","peroxisomal biogenesis factor 10"
9651,0.999854284110087,0.895611143748879,0.37048950799787,0.13120752447523,0.0486110111884465,53.5238894072284,"PLCH2","phospholipase C eta 2"
55229,0.999854284110087,0.413578232899333,0.175916486937166,-0.817612946009731,-0.143831597136379,612.663523810043,"PANK4","pantothenate kinase 4 (inactive)"
115110,0.999854284110087,0.900856605605143,0.262883534730579,-0.124579314288054,-0.0327498504943554,607.960801718384,"TNFRSF14-AS1","TNFRSF14 antisense RNA 1"
8764,0.999854284110087,0.981493421028352,0.262767153854338,-0.0231966371804136,-0.00609531433088898,3387.934717138,"TNFRSF14","TNF receptor superfamily member 14"
100996583,0.999854284110087,0.506464651381613,0.706525277411305,0.664352617736988,0.469381917545552,10.5470229532992,"LOC100996583","uncharacterized LOC100996583"
127281,0.999854284110087,0.975469221763536,0.240012556181081,0.0307496163023114,0.0073802940103052,253.061026090974,"PRXL2B","peroxiredoxin like 2B"
79258,0.999854284110087,0.419455804328654,0.369273512285609,0.807365731058362,0.298138779206959,46.4726011861229,"MMEL1","membrane metalloendopeptidase like 1"
100287898,0.999854284110087,0.228350705194055,0.473781165940644,1.20461825752926,0.5707254425656,32.5487311144032,"TTC34","tetratricopeptide repeat domain 34"
1953,0.999854284110087,0.420227303490508,0.250050968519174,0.806026961191422,0.201547822298482,364.263741532366,"MEGF6","multiple EGF like domains 6"
127262,0.999854284110087,0.939588031517605,0.166827735032148,-0.0757876628458751,-0.0126434841359574,771.428885260908,"TPRG1L","tumor protein p63 regulated 1 like"
49856,0.999854284110087,0.429269010657617,0.164396311555098,-0.790443150042841,-0.129945938361036,496.53902575537,"WRAP73","WD repeat containing, antisense to TP73"
57212,0.999854284110087,0.288502118883727,0.214313666948064,1.06141329200271,0.227475374756517,567.931832403705,"TP73-AS1","TP73 antisense RNA 1"
388588,0.999854284110087,0.625713855733769,0.868489434601554,-0.48776845767339,-0.423621752021234,8.93333118768102,"SMIM1","small integral membrane protein 1 (Vel blood group)"
57470,0.999854284110087,0.587518782867114,0.141159975170332,-0.5424351322776,-0.0765701298038219,1109.93743269265,"LRRC47","leucine rich repeat containing 47"
9731,0.999854284110087,0.958511901215921,0.270540824300627,0.0520210743859043,0.0140738243453668,662.381033536505,"CEP104","centrosomal protein 104"
1677,0.999854284110087,0.894855265025378,0.282357781274464,-0.132163127754665,-0.0373172875191006,262.233396609243,"DFFB","DNA fragmentation factor subunit beta"
339448,0.999854284110087,0.694977577941022,0.214245984716895,0.392109135281078,0.0840078078047847,410.695379000656,"C1orf174","chromosome 1 open reading frame 174"
100133612,0.999854284110087,0.835742961020458,0.648685996293553,-0.207341762432063,-0.134499697736504,14.5404322116744,"LINC01134","long intergenic non-protein coding RNA 1134"
261734,0.999854284110087,0.443181136685121,0.249211034497209,0.766832455970169,0.191103109638361,345.633510382323,"NPHP4","nephrocystin 4"
8514,0.999854284110087,0.634234840422255,0.130508665390637,0.475774778097878,0.0620927313160805,5958.94322514984,"KCNAB2","potassium voltage-gated channel subfamily A regulatory beta subunit 2"
6146,0.999854284110087,0.709706411640242,0.142639736076055,0.372250416899612,0.0530977012207621,6586.69543357631,"RPL22","ribosomal protein L22"
107985733,0.999854284110087,0.814302043897883,0.396308237586672,0.234879779895198,0.0930847916150114,31.622182234613,"LOC107985733",""
388591,0.999854284110087,0.421268833128759,0.55658457816646,0.804221899961967,0.44761750694256,27.9097194191588,"RNF207","ring finger protein 207"
23463,0.999854284110087,0.576542117740015,0.23522296143404,-0.558442705934704,-0.1313585470812,838.465419169103,"ICMT","isoprenylcysteine carboxyl methyltransferase"
387509,0.999854284110087,0.188620046676714,0.419688872895327,1.31467233922618,0.551753352276499,38.6719349651008,"GPR153","G protein-coupled receptor 153"
11332,0.999854284110087,0.319165412237394,0.411488723758135,0.996174406830033,0.409914535307007,45.408348138222,"ACOT7","acyl-CoA thioesterase 7"
8718,0.999854284110087,0.0780250424356472,0.456183026930573,1.76226199189214,0.803914009706059,67.129480959579,"TNFRSF25","TNF receptor superfamily member 25"
57449,0.999854284110087,0.339446439210421,0.7259671089336,0.955259586703134,0.693487040439979,8.82675021051823,"PLEKHG5","pleckstrin homology and RhoGEF domain containing G5"
79707,0.999854284110087,0.547759190269867,0.248904996684661,0.601121310835877,0.149622097880683,280.795779163889,"NOL9","nucleolar protein 9"
3104,0.999854284110087,0.709523457178715,0.171411411521428,-0.372496177911881,-0.0638500956422127,625.735812844078,"ZBTB48","zinc finger and BTB domain containing 48"
9903,0.999854284110087,0.655360362475517,0.231885696027645,0.446327959706799,0.10349706959321,1072.65994888067,"KLHL21","kelch like family member 21"
148479,0.999854284110087,0.418279000995845,0.28166492325486,-0.809410610536281,-0.227982577498371,163.017704523702,"PHF13","PHD finger protein 13"
90326,0.999854284110087,0.965632855458072,0.18171361341856,0.0430861553792164,0.00782934098227094,245.679548488657,"THAP3","THAP domain containing 3"
55735,0.999854284110087,0.8323479906358,0.169931463636686,-0.211691152917655,-0.0359729874542346,562.52614829214,"DNAJC11","DnaJ heat shock protein family (Hsp40) member C11"
23261,0.999854284110087,0.974008339949183,0.182838667961961,-0.0325814785692122,-0.00595715414182594,261.63872692916,"CAMTA1","calmodulin binding transcription activator 1"
9341,0.999854284110087,0.746153431664165,0.155457587619529,-0.32371550430376,-0.0503240313741017,2779.67480124445,"VAMP3","vesicle associated membrane protein 3"
8863,0.999854284110087,0.291126639618065,0.377995097449299,-1.05565330131422,-0.399031772502945,105.584312134653,"PER3","period circadian regulator 3"
3604,0.999854284110087,0.881372647128358,0.369841002398874,0.149229368005618,0.0551911390505483,52.1000903190637,"TNFRSF9","TNF receptor superfamily member 9"
11315,0.999854284110087,0.948183668608599,0.177242792466272,-0.0649878568968726,-0.0115186292328001,2045.80553293448,"PARK7","Parkinsonism associated deglycase"
54206,0.999854284110087,0.754102927545932,0.51138216901045,-0.313233949182511,-0.160182256340662,20.2998787936515,"ERRFI1","ERBB receptor feedback inhibitor 1"
50651,0.999854284110087,0.918276493409006,0.839151226686845,-0.102604976001857,-0.0861010914761325,8.54996490824206,"SLC45A1","solute carrier family 45 member 1"
473,0.999854284110087,0.701658242911374,0.240020751375649,0.383082974473895,0.0919478633724427,2245.73917062416,"RERE","arginine-glutamic acid dipeptide repeats"
102724552,0.999854284110087,0.819476497549709,0.564664084979877,-0.22821834876352,-0.128866705080172,16.2727280392191,"RERE-AS1","RERE antisense RNA 1"
2023,0.999854284110087,0.499482920519765,0.175962077889568,-0.675303563279619,-0.118827818200911,21287.7981961673,"ENO1","enolase 1"
6518,0.999854284110087,0.683421216242529,0.6445699985241,-0.407799043036221,-0.262855028567986,21.6879481841351,"SLC2A5","solute carrier family 2 member 5"
80045,0.999854284110087,0.754684076393411,0.351452386513059,-0.312469055901712,-0.109817995408139,86.8191280775648,"GPR157","G protein-coupled receptor 157"
9563,0.999854284110087,0.719841665292389,0.222841748870062,-0.358670412113299,-0.0799267419032732,2262.44134609393,"H6PD","hexose-6-phosphate dehydrogenase/glucose 1-dehydrogenase"
80176,0.999854284110087,0.639282495863052,0.485264963665222,-0.468702225651425,-0.227444768500547,29.7133798025328,"SPSB1","splA/ryanodine receptor domain and SOCS box containing 1"
84275,0.999854284110087,0.386743531383124,0.220957422428299,0.86553806756477,0.191247060422682,200.492825605718,"SLC25A33","solute carrier family 25 member 33"
199953,0.999854284110087,0.287781559762596,0.242013089407708,1.06300086346432,0.25726012301006,161.612407928692,"TMEM201","transmembrane protein 201"
5293,0.999854284110087,0.556259370768537,0.141161591132713,-0.588406656634848,-0.0830604198836552,5532.06050188098,"PIK3CD","phosphatidylinositol-4,5-bisphosphate 3-kinase catalytic subunit delta"
644997,0.999854284110087,0.657703669450844,0.590623859638772,0.443085808768253,0.261697050525873,23.849740923886,"PIK3CD-AS1","PIK3CD antisense RNA 1"
22883,0.999854284110087,0.678964519122609,0.177930779972966,0.413876549038448,0.0736413771829307,2686.72901055989,"CLSTN1","calsyntenin 1"
56998,0.999854284110087,0.709299690416794,0.183023791618691,-0.372796792295322,-0.0682306824291754,789.934475974425,"CTNNBIP1","catenin beta interacting protein 1"
105376717,0.999854284110087,0.598592768077869,0.402832755208841,-0.526425261068103,-0.212061338327598,40.5509755344852,"LOC105376717","uncharacterized LOC105376717"
84328,0.999854284110087,0.983995384889602,0.191598346262879,0.0200601556996458,0.003843492657828,578.43979767383,"LZIC","leucine zipper and CTNNBIP1 domain containing"
64802,0.999854284110087,0.673131490264665,0.310024146788245,-0.421854133432969,-0.130784967786651,243.270724695725,"NMNAT1","nicotinamide nucleotide adenylyltransferase 1"
116362,0.999854284110087,0.65041321295883,0.21863797569197,-0.453188221769247,-0.0990841554150717,899.538251555785,"RBP7","retinol binding protein 7"
10277,0.999854284110087,0.656857646600797,0.150630780215289,-0.444255809508696,-0.0669185992014696,1215.62226847369,"UBE4B","ubiquitination factor E4B"
23095,0.999854284110087,0.772157176971136,0.185927915565553,-0.289554373379859,-0.0538362410854071,823.227629822122,"KIF1B","kinesin family member 1B"
5226,0.999854284110087,0.131569508029253,0.188327745492916,-1.50794146863264,-0.283987217122863,13687.1748622629,"PGD","phosphogluconate dehydrogenase"
100526739,0.999854284110087,0.596400107493185,0.696724157980565,0.529584407549821,0.368974250429785,9.94164490689434,"CENPS-CORT","CENPS-CORT readthrough"
378708,0.999854284110087,0.521018284347232,0.718039582244176,0.641776539631738,0.460820958411286,9.10712045019714,"CENPS","centromere protein S"
1676,0.999854284110087,0.576516188576371,0.188311592790189,0.558480687443501,0.105168387795046,576.831663453791,"DFFA","DNA fragmentation factor subunit alpha"
5195,0.999854284110087,0.365402101187391,0.245893502296084,-0.90511946484198,-0.222562995206352,297.884032825374,"PEX14","peroxisomal biogenesis factor 14"
54897,0.999854284110087,0.47952732129678,0.229565616852599,-0.707063010684402,-0.16231735620142,165.082891642416,"CASZ1","castor zinc finger 1"
148345,0.999854284110087,0.272954984437975,0.39491734141492,1.09628291352128,0.432941133646427,46.8454856429528,"C1orf127","chromosome 1 open reading frame 127"
23435,0.999854284110087,0.956504169929472,0.179318324669624,0.0545409673383886,0.00978019488898051,1739.52672959835,"TARDBP","TAR DNA binding protein"
10747,0.999854284110087,0.361469416629466,0.414279500681066,0.912568710917094,0.378058509895898,49.7144256446414,"MASP2","MBL associated serine protease 2"
6723,0.999854284110087,0.892913619616813,0.177680819506464,0.13461836626003,0.0239191016377033,598.452387531262,"SRM","spermidine synthase"
5394,0.999854284110087,0.746331130349828,0.169818176383382,-0.323480820620483,-0.0549329230527701,939.44875083319,"EXOSC10","exosome component 10"
105376736,0.999854284110087,0.994288890052006,0.356304249246828,-0.00715787595963455,-0.00255038161999951,46.5018558458159,"EXOSC10-AS1","EXOSC10 antisense RNA 1"
2475,0.999854284110087,0.651639577275793,0.153228867281374,0.451485633253863,0.0691806321773032,1018.48301610423,"MTOR","mechanistic target of rapamycin kinase"
100873935,0.999854284110087,0.792754736894583,0.476793784101196,0.262735131319334,0.12527047747807,23.7336075320051,"MTOR-AS1","MTOR antisense RNA 1"
29914,0.999854284110087,0.850387291540696,0.200688471991214,-0.188624292980994,-0.0378547211387788,331.074861593398,"UBIAD1","UbiA prenyltransferase domain containing 1"
93611,0.999854284110087,0.725566102927673,0.217201526623149,0.351029652175596,0.0762441763425324,197.954314074476,"FBXO44","F-box protein 44"
26270,0.999854284110087,0.559857525253523,0.288315171538188,-0.583053143714486,-0.168103067145922,581.113034031122,"FBXO6","F-box protein 6"
10459,0.999854284110087,0.573106825253807,0.231409772722752,-0.563481836112241,-0.130395203628133,539.908750749731,"MAD2L2","mitotic arrest deficient 2 like 2"
374946,0.999854284110087,0.83837547958219,0.686279217251419,-0.203971872155177,-0.139981656763961,11.7546315407835,"DRAXIN","dorsal inhibitory axon guidance protein"
57085,0.999854284110087,0.336876124079565,0.19919819526433,-0.960355902011296,-0.191301162492098,4292.08415113458,"AGTRAP","angiotensin II receptor associated protein"
284498,0.999854284110087,0.856356069920746,0.217261774489214,-0.181014658933443,-0.0393275660084397,406.084544309462,"C1orf167","chromosome 1 open reading frame 167"
4524,0.999854284110087,0.802621374229814,0.184126923209552,-0.249956001791897,-0.0460236295477031,1402.24039831455,"MTHFR","methylenetetrahydrofolate reductase"
1185,0.999854284110087,0.780791812960826,0.252751384688346,0.278287314849208,0.0703375041693391,822.474925931266,"CLCN6","chloride voltage-gated channel 6"
100379251,0.999854284110087,0.745762086258098,0.298192902229893,0.324232410534743,0.0966838034943491,131.428919665532,"NPPA-AS1","NPPA antisense RNA 1"
4878,0.999854284110087,0.984756453934372,0.538941217803742,0.019106114150666,0.0102970724278572,23.6044521362289,"NPPA","natriuretic peptide A"
90231,0.999854284110087,0.567625677582347,0.216240356061584,-0.571551770576654,-0.123592558377124,1938.9132980218,"KIAA2013","KIAA2013"
5351,0.999854284110087,0.415008805269476,0.147845928293077,-0.815110948349015,-0.12051083482051,2475.00460371263,"PLOD1","procollagen-lysine,2-oxoglutarate 5-dioxygenase 1"
9927,0.999854284110087,0.359867391400192,0.13633341853837,-0.915617801125595,-0.124829304902038,2487.46638661991,"MFN2","mitofusin 2"
60672,0.999854284110087,0.0842641620963161,0.175963962805723,-1.72646293411119,-0.303795259523401,1111.304453163,"MIIP","migration and invasion inhibitory protein"
943,0.999854284110087,0.789694945080975,0.246326895105499,-0.266706764667762,-0.0656970492442429,698.445633927935,"TNFRSF8","TNF receptor superfamily member 8"
102465836,0.999854284110087,0.504811093908505,0.196116134720826,-0.666939006732933,-0.13079750009501,583.834507953712,"MIR7846","microRNA 7846"
7133,0.999854284110087,0.543355467940815,0.202956624317577,-0.607746725241299,-0.123346223795036,29788.643366374,"TNFRSF1B","TNF receptor superfamily member 1B"
107984917,0.999854284110087,0.38919966905827,0.485779929742801,0.861069676434961,0.418290366922232,21.5966248206648,"LOC107984917",""
55187,0.999854284110087,0.440778590410321,0.161266047936409,0.770879109950257,0.124316627498415,1153.50109930746,"VPS13D","vacuolar protein sorting 13 homolog D"
9249,0.999854284110087,0.932318922401869,0.644085455123703,-0.0849276339892785,-0.0547006537905638,25.9125290137268,"DHRS3","dehydrogenase/reductase 3"
7799,0.999854284110087,0.544528697252118,0.168171767629867,0.605979001416693,0.101908559814827,1101.52050186646,"PRDM2","PR/SET domain 2"
55092,0.999854284110087,0.528268452562762,0.447663390614575,0.630651446321931,0.282319564756461,121.842636966854,"TMEM51","transmembrane protein 51"
114827,0.999854284110087,0.961346666312315,0.959201725954144,0.0484637342829057,0.0464864975703462,11.2815982084378,"FHAD1","forkhead associated phosphopeptide binding domain 1"
101927441,0.999854284110087,0.388631951233459,0.686433295659031,-0.862100981684648,-0.591774818048678,14.4902508484631,"EFHD2-AS1","EFHD2 antisense RNA 1"
79180,0.999854284110087,0.577514228307039,0.197074379395303,-0.557019321239346,-0.109774237044437,14868.5752252906,"EFHD2","EF-hand domain family member D2"
842,0.999854284110087,0.197972299037534,0.187401451847178,-1.28735006989872,-0.241251272134586,380.766782606097,"CASP9","caspase 9"
23341,0.999854284110087,0.44373415579423,0.195064585187224,-0.765902773048039,-0.14940050671836,243.622764547162,"DNAJC16","DnaJ heat shock protein family (Hsp40) member C16"
84301,0.999854284110087,0.985429879357109,0.201998738852295,-0.0182619531903394,-0.0036888915134282,575.227828381813,"DDI2","DNA damage inducible 1 homolog 2"
6248,0.999854284110087,0.81824294652626,0.300491753463565,-0.229805453916758,-0.0690546438029369,67.9572490938036,"RSC1A1","regulator of solute carriers 1"
23207,0.999854284110087,0.841415823208486,0.133649829262175,0.20008280227529,0.0267410323623901,3367.27218449886,"PLEKHM2","pleckstrin homology and RUN domain containing M2"
284723,0.999854284110087,0.259652211725033,0.399394823469013,1.12721352910797,0.450203248469959,44.3634085032383,"SLC25A34","solute carrier family 25 member 34"
440567,0.999854284110087,0.868989882673336,0.302533562392725,0.164941683935408,0.0499003952280339,100.497667922855,"UQCRHL","ubiquinol-cytochrome c reductase hinge protein like"
729614,0.999854284110087,0.386302319308828,0.247188456724382,-0.866342585562838,-0.214149886719889,187.445315355784,"SPEN-AS1","SPEN antisense RNA 1"
23013,0.999854284110087,0.0980754101957234,0.183991339943848,1.65425648613226,0.304368867494276,3017.89517908594,"SPEN","spen family transcriptional repressor"
7709,0.999854284110087,0.704193623012527,0.184565621801219,-0.379665647980876,-0.0700732263961532,748.105625211473,"ZBTB17","zinc finger and BTB domain containing 17"
128272,0.999854284110087,0.989352761997354,0.309178721406318,0.0133447299771288,0.00412590655184124,88.1987500852349,"ARHGEF19","Rho guanine nucleotide exchange factor 19"
79363,0.999854284110087,0.609134451376233,0.4857965076137,0.511309360777218,0.248392301775765,32.3994709412406,"CPLANE2","ciliogenesis and planar polarity effector complex subunit 2"
54455,0.999854284110087,0.842746684132819,0.164622125010079,0.198381380523801,0.0326579644242612,1019.72268380492,"FBXO42","F-box protein 42"
26099,0.999854284110087,0.748392379856404,0.125578051396802,0.320759860668524,0.0402803982690629,3445.75266342573,"SZRD1","SUZ RNA binding domain containing 1"
374955,0.999854284110087,0.760090070835459,0.149113432186911,0.305362511142509,0.0455336520976733,1641.77726841927,"SPATA21","spermatogenesis associated 21"
55707,0.999854284110087,0.524092190667974,0.206762088451765,-0.637050130339874,-0.131717815397541,3573.02386551478,"NECAP2","NECAP endocytosis associated 2"
107984921,0.999854284110087,0.46814680785511,0.403860065273625,0.725497614421349,0.292999513916065,52.9789849817829,"LINC01772","long intergenic non-protein coding RNA 1772"
114819,0.999854284110087,0.369509246197868,0.306700549349811,0.897393000523717,0.275230926243299,66.3019295925398,"CROCCP3","CROCC pseudogene 3"
55672,0.999854284110087,0.225089062504556,0.241205805570941,1.21310661165714,0.292608357508194,296.680151905328,"NBPF1","NBPF member 1"
105376794,0.999854284110087,0.46364212385756,0.176661828064748,0.732862783717549,0.129468879092162,485.879419560061,"LOC105376794",""
84809,0.999854284110087,0.702769007794171,0.181830940256534,-0.381585275391103,-0.0693840094124129,255.272785049825,"CROCCP2","CROCC pseudogene 2"
11209,0.999854284110087,0.94412362692144,0.625550200833513,-0.0700879885735033,-0.0438435553281719,20.091250155677,"MST1P2","macrophage stimulating 1 pseudogene 2"
11223,0.999854284110087,0.771079171013443,0.712966345738203,0.290963583804241,0.207447243087801,9.82299822816839,"MST1L","macrophage stimulating 1 like (pseudogene)"
105376805,0.999854284110087,0.927433052400979,0.300188429548175,-0.0910749305028062,-0.0273396403588466,209.792437160539,"LOC105376805","uncharacterized LOC105376805"
9696,0.999854284110087,0.237406485083439,0.219478853898408,1.18149412720984,0.259312976927715,347.189646649406,"CROCC","ciliary rootlet coiled-coil, rootletin"
23400,0.999854284110087,0.92006202681354,0.204683075016872,0.100355588670844,0.0205410904842767,1064.71015296169,"ATP13A2","ATPase cation transporting 13A2"
6390,0.999854284110087,0.592341116093231,0.162357193656551,-0.535446538976776,-0.0869335974213823,1296.31466921284,"SDHB","succinate dehydrogenase complex iron sulfur subunit B"
11240,0.999854284110087,0.156902696843011,0.222442073522898,-1.4155657099454,-0.314881371728168,2335.4759984618,"PADI2","peptidyl arginine deiminase 2"
23569,0.999854284110087,0.13187248965513,0.202706110296529,-1.506758815434,-0.30542921863163,3208.85276968708,"PADI4","peptidyl arginine deiminase 4"
353238,0.999854284110087,0.839571551850337,0.641125588474571,-0.20244154581322,-0.129790455191202,12.4537101577057,"PADI6","peptidyl arginine deiminase 6"
55920,0.999854284110087,0.345122671633685,0.131660161810223,0.944091932375162,0.12429929658024,3290.22160241386,"RCC2","regulator of chromosome condensation 2"
55160,0.999854284110087,0.265314572029086,0.171027973816615,1.11391752113668,0.190511056638833,2216.78486162511,"ARHGEF10L","Rho guanine nucleotide exchange factor 10 like"
8659,0.999854284110087,0.438347889328845,0.196064109386483,-0.774986072669505,-0.151946954124875,253.863817122661,"ALDH4A1","aldehyde dehydrogenase 4 family member A1"
126917,0.999854284110087,0.131037464847138,0.359951590853389,1.5100233551417,0.543535308909026,1067.71672434389,"IFFO2","intermediate filament family orphan 2"
23352,0.999854284110087,0.744182720736843,0.198817074219532,0.326319388182552,0.0648778660195627,2338.29425838206,"UBR4","ubiquitin protein ligase E3 component n-recognin 4"
101927895,0.999854284110087,0.852030401138961,0.288242301968189,0.186528410878318,0.0537653785340347,65.7462327492389,"EMC1-AS1","EMC1 antisense RNA 1"
23065,0.999854284110087,0.424339739019449,0.170696596547737,0.798914933776768,0.136372060126855,973.258107860596,"EMC1","ER membrane protein complex subunit 1"
51154,0.999854284110087,0.510578210944216,0.230682626834012,0.657937627464549,0.15177478019646,250.282145572739,"MRTO4","MRT4 homolog, ribosome maturation factor"
22977,0.999854284110087,0.434174492326787,0.713425184811172,0.782068203031185,0.557947152282464,11.3470499035966,"AKR7A3","aldo-keto reductase family 7 member A3"
100506730,0.999854284110087,0.15537645614203,0.539930418381365,1.42079468555599,0.767130269006269,16.7524063841678,"LOC100506730","uncharacterized LOC100506730"
8574,0.999854284110087,0.974318824697482,0.212187815072796,-0.0321921395059053,-0.00683077974427668,611.151552152029,"AKR7A2","aldo-keto reductase family 7 member A2"
54896,0.999854284110087,0.477437863614174,0.170177865310051,-0.710429453857776,-0.120899367910902,352.245387039317,"SLC66A1","solute carrier family 66 member 1"
832,0.999854284110087,0.645088790480807,0.167909890846272,-0.460595570022858,-0.0773385518868143,8290.66386754556,"CAPZB","capping actin protein of muscle Z-line subunit beta"
440574,0.999854284110087,0.743200496239087,0.161020497270403,0.32761801874788,0.052753216293528,555.342754435766,"MICOS10","mitochondrial contact site and cristae organizing system subunit 10"
100532736,0.999854284110087,0.746770775794358,0.210853402083763,0.322900264761091,0.0680846193586237,317.019696945811,"MICOS10-NBL1","MICOS10-NBL1 readthrough"
255104,0.999854284110087,0.46138372702303,0.209529662269551,0.736570258509192,0.154333317503227,341.090662063301,"TMCO4","transmembrane and coiled-coil domains 4"
23252,0.999854284110087,0.451096896291612,0.332309380742622,0.75358759351634,0.250424226536738,129.211398101879,"OTUD3","OTU deubiquitinase 3"
127733,0.999854284110087,0.0812431981538525,0.573652219925343,1.74351785525151,1.0001728881445,33.3710479985938,"UBXN10","UBX domain protein 10"
79594,0.999854284110087,0.684936874096365,0.192814099740082,0.405735610447177,0.0782315464608651,669.068651582098,"MUL1","mitochondrial E3 ubiquitin protein ligase 1"
978,0.999854284110087,0.457332941412508,0.293134957796463,-0.743245697316079,-0.217871296115152,1514.54440379142,"CDA","cytidine deaminase"
65018,0.999854284110087,0.364435921802792,0.201968421004297,-0.906944926253904,-0.18317423469336,670.614018312542,"PINK1","PTEN induced kinase 1"
102464833,0.999854284110087,0.300920390831638,0.420150939618971,-1.03446166162734,-0.434630039132528,40.6982101429167,"MIR6084","microRNA 6084"
100861548,0.999854284110087,0.51591213304856,0.190952974846817,-0.649659588342846,-0.124054431031825,704.866284520146,"PINK1-AS","PINK1 antisense RNA"
1650,0.999854284110087,0.720479677555597,0.182441623208172,-0.357817788413339,-0.065280858130888,5094.80390208568,"DDOST","dolichyl-diphosphooligosaccharide--protein glycosyltransferase non-catalytic subunit"
112268222,0.999854284110087,0.821321847039016,0.164002699955248,0.225845166054824,0.0370392170048325,768.175856477791,"LOC112268222",""
50809,0.999854284110087,0.934272717723862,0.150524576026789,-0.0824703217625973,-0.0124138102181078,3125.2003788369,"HP1BP3","heterochromatin protein 1 binding protein 3"
8672,0.999854284110087,0.261177391291295,0.136006586671003,-1.123612640445,-0.152818719967317,1369.71118161807,"EIF4G3","eukaryotic translation initiation factor 4 gamma 3"
1889,0.999854284110087,0.109586090931547,0.16723274071429,-1.60005631507566,-0.26758180286731,3624.9298795455,"ECE1","endothelin converting enzyme 1"
84224,0.999854284110087,0.623434005101472,0.351524227267868,-0.490989314621636,-0.172594639419151,54.5877313311559,"NBPF3","NBPF member 3"
249,0.999854284110087,0.174051138477738,1.01912928140966,-1.35930128043728,-1.38530373715128,17.2464454800719,"ALPL","alkaline phosphatase, biomineralization associated"
84196,0.999854284110087,0.638949119378993,0.154290636242929,-0.469168611833254,-0.0723883236249647,1498.86946326691,"USP48","ubiquitin specific peptidase 48"
